Name,X_leftEye,Y_leftEye,X_rightEye,Y_rightEye,X_leftEar,Y_leftEar,X_rightEar,Y_rightEar,X_leftShoulder,Y_leftShoulder,X_rightShoulder,Y_rightShoulder,X_leftElbow,Y_leftElbow,X_rightElbow,Y_rightElbow,X_leftWrist,Y_leftWrist,X_rightWrist,Y_rightWrist,X_leftHip,Y_leftHip,X_rightHip,Y_rightHip,X_leftKnee,Y_leftKnee,X_rightKnee,Y_rightKnee,X_leftAnkle,Y_leftAnkle,X_rightAnkle,Y_rightAnkle
squart,288.5667476,514.3119043,321.6094189,513.1481158,253.316619,511.2567998,347.6431104,521.3383409,230.4627556,601.1230081,397.8396077,603.7904496,167.9027966,763.2212164,446.963693,773.3343461,247.0652207,744.4301256,371.3440136,729.8338527,262.1912731,812.5038839,356.8935659,821.8523023,141.6866717,799.0903909,449.1180125,798.154948,166.4899447,949.6712501,442.3073883,960.6971864
squart,278.6746738,454.263874,322.5409932,452.5035481,260.6974036,469.278887,351.4462368,466.4525117,219.7772594,571.8618499,397.5690588,561.418767,176.9546408,734.6600578,443.8928582,742.7795923,263.3667634,703.2901405,352.0242943,713.9276144,266.0623404,775.4007739,381.9915268,764.2885767,144.1390681,782.4993079,460.2680009,791.1895463,171.9974136,947.2478845,450.9522901,955.7069639
squart,287.0521601,454.6171989,328.2761362,452.1219278,262.9422364,468.3087542,355.5178977,466.6263126,220.3699602,572.8354037,401.1190612,564.5542816,163.3827575,735.2951537,437.9261085,699.1504427,254.2521898,707.0335107,349.1675774,706.7643047,250.0207957,751.2031825,367.6210096,742.6497211,136.6373645,783.0686051,464.9421462,797.3532129,171.0785962,947.53378,439.3104412,961.1128251
squart,294.5657892,495.0770072,334.5712405,498.9656912,261.5754244,498.776128,361.3924075,514.26855,223.8645227,598.1756819,394.7492378,600.3861766,188.764152,759.9570456,443.9375553,773.3189355,242.423815,729.0954865,334.5909673,717.9023356,262.5636215,765.2588053,360.7539545,797.8204548,152.97024,804.2508335,455.4248186,792.7435236,147.9068651,942.6080774,441.8355424,957.6505545
squart,293.8590435,522.2484299,332.0067176,518.1483457,259.5447415,508.93712,350.6593048,517.8467518,230.1308201,570.7238311,388.9992597,573.2183029,177.3222573,700.4568272,426.7814914,716.027677,247.8992478,671.0824874,336.4154295,648.0209964,252.7037757,731.9916571,350.1924146,738.3266308,149.577477,789.6163857,467.7523755,798.3736379,168.4618627,942.4846007,445.3482012,958.7297445
squart,293.8590435,522.2484299,332.0067176,518.1483457,259.5447415,508.93712,350.6593048,517.8467518,230.1308201,570.7238311,388.9992597,573.2183029,177.3222573,700.4568272,426.7814914,716.027677,247.8992478,671.0824874,336.4154295,648.0209964,252.7037757,731.9916571,350.1924146,738.3266308,149.577477,789.6163857,467.7523755,798.3736379,168.4618627,942.4846007,445.3482012,958.7297445
squart,303.5661261,536.2918393,331.1511732,540.215373,278.9867225,514.6059847,374.0682697,536.4267301,244.068977,573.0678416,397.9049589,577.8278003,189.501623,691.1143557,440.9023695,685.5975509,247.7947626,688.9215097,348.0529302,671.9156831,259.8009028,711.7013894,364.803107,724.9985036,153.2627857,786.0470722,462.5562839,802.4841131,162.4597837,936.3688286,442.7351125,961.1305377
squart,289.6372091,490.3794584,328.244132,487.7739471,263.2055595,493.4632419,358.7925234,494.9434913,223.3113396,578.35969,398.306338,577.106763,160.6300141,738.4668609,432.1066228,709.8831938,238.3346973,716.2632483,363.6295031,700.4551007,256.601188,740.2504626,365.186134,740.4761224,140.334503,798.7461142,467.6579935,808.7227225,163.2447015,951.6641419,442.658635,962.2843508
squart,306.9252863,485.4128633,343.6474794,487.2476205,264.5492876,492.996064,364.6597756,494.4609987,244.7751153,586.375123,406.0785264,583.613939,187.1913111,737.2505741,424.4987076,723.8097768,273.5799021,699.0574675,375.7255492,687.6149334,291.4248713,750.3482456,399.7368066,752.1351084,159.3606535,789.7922329,458.3471425,791.6362621,164.8140893,944.8998454,450.7426803,945.1170646
squart,303.1136874,479.2170647,340.6526425,481.0607742,267.0562925,491.5251185,366.4228191,501.260017,224.318656,592.3800795,401.803746,591.6440152,180.9725244,757.4648758,430.98929,748.9784922,234.128881,746.4374688,384.2201497,734.3914272,236.569,802.774101,379.6535909,795.473183,163.3941396,801.5197034,445.1540979,789.7940873,160.679635,946.0198959,438.1874493,960.7733442
squart,299.8402447,474.1903939,340.0269144,474.9533148,263.1988454,485.3952147,364.5329418,491.7616809,232.4482298,589.3258382,399.8980744,590.8577547,198.2148814,750.8943309,439.7027083,743.2738826,244.2403481,748.511634,393.4638271,743.3701829,248.3469226,805.2157548,387.4647215,797.2112563,163.039248,778.0329181,457.5760687,776.5192897,166.5905293,939.6755224,437.2572179,949.6330753
squart,303.0931612,499.0058803,338.0054395,501.1868006,267.6679208,495.171645,358.0255101,506.5747574,242.3452913,588.1975389,396.8150902,591.0412112,192.3377498,750.5716674,448.3377627,742.2562711,248.535175,738.5088084,372.0578252,722.517524,259.8801939,791.8745829,372.7155255,791.7834621,161.9518732,788.3734341,447.5093627,784.6892124,164.1395397,951.7899845,438.1271178,954.4737957
squart,306.5049797,527.4238674,337.1348682,525.9051235,279.700598,499.1594108,352.5414128,523.3099072,246.1242146,577.2496148,397.8436681,586.1038707,183.3052169,730.2885615,444.1651975,697.7060661,245.1787324,720.0880837,390.1798655,704.2867142,256.3899796,750.7328073,381.1162556,757.4337988,158.4929916,792.6700515,450.7954664,810.575576,170.0366219,951.6745648,442.0296457,951.3945522
squart,294.6251616,438.1896217,331.6660537,433.702386,265.8009996,448.7667961,360.3107877,450.2875223,219.0739347,570.1932842,398.3671171,566.7162425,180.2775125,714.1232204,440.6814735,759.7839481,263.5482377,684.108669,352.6420613,676.0639495,263.3624152,762.4181384,386.0261319,758.569132,157.0132538,774.2319339,468.3077967,800.4346945,145.3008742,946.0558326,443.8075883,951.0422185
squart,301.7142318,456.5194175,342.2078028,457.2831057,268.0900179,468.404447,357.890971,472.8663288,223.7116956,579.0662119,389.4235309,566.2966392,180.1782069,725.5257253,446.0438206,741.6021837,273.5279153,630.619226,349.8331429,630.0024181,271.8133097,746.515481,400.615371,742.8967384,164.8468289,790.5090498,456.6766265,806.1858556,166.0793576,951.5208424,447.845039,948.6793443
squart,288.728527,447.053757,328.7384863,447.7591919,264.1808398,463.3866005,363.1045514,471.6308906,221.7042884,580.7675171,397.3347345,573.2654299,171.5799205,720.1766467,437.2760175,716.0378442,255.8758025,659.8434243,351.2748018,653.9831741,256.183567,735.7733301,411.604699,737.2907312,156.0497393,786.0091531,450.7103564,812.7242364,162.8227322,941.599546,443.5843903,950.8175817
squart,289.9884239,463.8534587,325.704995,458.8139031,250.2050835,483.146737,337.9620852,485.9038286,231.9706289,584.2512091,381.2212204,583.1820584,199.1571024,724.5906021,435.3176557,730.4600604,241.4502612,755.0174032,379.095484,749.7281126,265.8442899,786.9461307,374.0455055,799.5151737,286.7936328,588.7121636,379.5404733,593.1741413,147.3385271,928.9699477,442.9263703,952.8058695
squart,284.1212036,499.3464483,311.3299059,500.7102229,269.0388252,497.9210312,346.9074299,510.8710551,240.9475941,580.6906559,392.3607219,580.1677184,174.5136265,750.8798795,445.0374633,747.5144207,231.6578768,725.6148638,384.0699123,704.2883129,266.9332634,792.899548,371.3645078,779.4315744,151.0633535,796.902085,447.6036488,785.8721842,167.9549753,944.8490096,447.7688172,950.3138276
squart,297.4211633,494.3535401,331.0598286,492.6470234,279.9239559,498.7405749,351.158327,511.6240965,236.785324,586.6798181,406.9719258,590.2129391,171.4579145,758.6539862,441.8237447,749.6559833,239.691406,724.3750455,353.8262481,717.0305813,260.5168246,810.1450382,379.0986173,812.4158325,162.8765095,803.8619235,444.6363719,821.9046728,171.7325558,947.1540141,441.8135136,962.712139
squart,301.7170134,473.6178995,321.0009558,468.1434259,268.2464899,470.3163852,352.7327026,471.4459314,229.8643637,547.5684697,386.1014584,536.1133705,172.3287736,663.9275544,435.7391454,624.3659733,256.2663111,568.71636,379.5112826,645.2446576,249.0415509,726.4146167,368.7988659,719.3871889,154.5983928,821.9804469,433.925298,815.6989308,146.4204771,982.5989813,442.3095624,972.1070449
squart,285.6190377,473.0470037,322.5295471,475.5630887,266.6753756,478.7873582,339.1994417,475.7898037,223.0981489,570.866555,378.9518329,552.0283372,184.6717091,682.7305389,424.4137254,655.5090158,233.6511522,658.3476365,396.6820218,649.7556167,262.2047654,734.8861652,365.2129907,735.7633548,154.6817764,825.8040674,441.3114539,833.0558761,145.8948539,983.5584673,441.5643541,981.3984888
squart,282.5672903,468.9144677,307.1463102,467.9596496,279.0658857,463.5358788,326.3756121,465.6384672,222.4143272,542.4598221,382.2159397,530.9621999,174.6859567,667.2568206,405.7082243,634.2592621,250.2614825,610.0422315,363.4480288,613.153703,243.8878225,720.1796521,359.7422579,724.5448179,150.3527391,819.9867878,434.60864,824.7471301,140.0385682,980.6055141,441.772717,971.6263747
squart,277.908172,487.3268157,310.408147,488.5139758,252.041823,498.3952111,335.5300231,496.3041007,218.5687738,583.9839853,377.4854914,565.427123,186.7632671,706.8100889,407.8986403,688.9431229,245.6617686,629.3357976,340.6799788,595.2247748,264.7588334,753.037556,364.8547101,745.2312213,148.8548411,826.4527835,427.9425622,841.8065421,134.8852235,983.0029182,439.9702197,979.7384917
squart,261.2044829,490.7477143,291.2506228,491.9953978,253.5289784,496.5653456,322.124683,488.9566631,215.96387,573.6005626,369.9028982,545.935521,175.385189,685.2486701,421.5926255,668.200896,226.0331977,654.7484609,381.6291218,567.2261992,240.487578,743.2727956,353.4179949,743.3789433,155.2975611,827.4290869,436.4925385,820.3450684,138.2962107,971.6157599,444.1479005,978.0977418
squart,286.695542,503.1913942,318.8303625,500.0661747,261.0134809,500.4587614,348.015235,506.3275803,222.8100153,585.6106674,388.0570067,569.2873197,178.7791669,699.9018536,416.3381208,703.3560032,243.9676891,602.7839005,345.3818759,604.4446649,275.3772519,750.382264,366.4314836,752.1106817,156.6762667,825.0752289,435.4900179,827.9247201,148.3485932,993.4890996,442.0896895,983.602589
squart,277.3351661,471.5380433,311.3258134,461.7160206,259.786899,467.3229231,338.0491455,473.4922807,229.186361,548.9620744,381.6708136,556.7433429,186.7959427,680.201665,400.393324,657.5760192,233.2617307,588.7750849,351.0039012,586.0404379,248.2174991,734.1905139,362.334181,731.9793798,168.1753917,823.3262212,428.1356743,833.0377799,146.7559934,987.2071999,435.1132894,980.9613647
squart,281.8471483,481.2638297,308.4831323,479.9874031,248.2441,485.9486856,341.0445899,484.8185639,234.27493,567.0111541,374.186375,560.0610352,168.1092732,693.0425996,409.2998864,674.4390578,203.8992206,596.7914771,362.0363279,574.8021422,256.8879788,743.4396905,363.7190572,742.1076643,144.6793345,823.6579648,428.34084,851.7566774,141.9017807,975.7381288,438.2587474,987.4086887
squart,290.3795719,488.6578188,315.117174,485.0894644,253.3933523,487.7792225,350.2177685,488.4129756,234.0272733,559.9238744,379.6346634,556.5643625,150.9781156,668.3574959,424.3386227,677.4896542,244.0121944,577.1576628,360.1615414,583.9905077,259.2089054,737.7478059,359.584475,741.9405136,145.3751137,835.2151513,428.9537473,856.2679562,139.8634884,983.7396219,437.069605,987.3997365
squart,273.6834282,514.067189,299.7796573,509.3795195,251.4687531,506.0440827,338.4814418,502.9548958,224.6801338,567.207975,381.9528085,549.9805811,177.7742804,686.0315416,408.5912543,651.4151662,231.5978329,642.9196385,348.8284481,610.6702936,256.3291685,738.695654,359.4605187,730.0109787,154.3835396,829.7229012,432.567662,836.812419,135.0760337,968.1853337,446.0215999,978.0072605
squart,318.0588091,513.0078538,341.5902915,511.6285087,294.5186942,522.725711,360.1224394,515.5013984,245.1012318,589.2838267,394.3924919,576.618931,169.9988947,705.0173432,442.8889628,694.9850393,234.6259209,658.3644539,432.8767054,664.6978289,265.1775415,757.8367126,384.4081782,764.7815881,164.2468384,829.9607105,435.9860348,851.4757056,170.2556955,981.2665075,450.6149194,999.0313543
squart,291.8096249,528.0695461,322.2030789,526.8240048,262.8522027,539.3089609,341.8367973,537.3639634,235.8525028,604.2472046,387.766731,597.4547725,175.4619223,724.0184275,437.6552079,728.8528813,252.7769281,634.5643409,388.0201108,615.3788409,257.3577784,774.4455083,365.5500737,773.2506428,164.8584028,820.0487499,437.3348464,829.9864801,181.3522904,989.8039188,451.915421,995.2393863
squart,299.1375914,590.4660951,331.2847211,592.5786269,280.2906132,584.7838661,361.3779241,581.4365676,245.1356978,625.3599893,395.2012289,637.6199889,201.5847523,793.0404815,465.8493576,808.8013741,257.3767699,729.7785408,355.422013,718.3506499,278.6356037,738.7286493,404.163455,791.8346816,172.5438187,810.2057215,451.6064735,837.178245,179.6094852,969.7601568,472.6876378,983.7836156
squart,300.3480912,554.2903071,338.0063667,565.0933331,258.6511182,536.5248208,372.5326764,534.255849,235.1434231,588.5407286,401.4775655,584.4803859,202.1490618,743.4116189,481.1314025,741.8174206,267.3405894,717.5570996,374.7009358,710.668751,283.6481428,749.0634104,391.2660894,755.6794837,176.5484658,827.0554597,472.0497602,821.926222,188.6258402,989.478122,466.3268626,983.6845657
squart,300.9601672,571.3956311,333.2190398,571.9624984,272.6513013,547.5751839,356.4738987,544.943807,236.534534,589.4441993,403.1277792,591.513121,203.4682991,753.3074015,465.8054278,772.1465145,259.1227083,695.2880719,359.112789,699.4360185,283.1097308,751.8572699,384.3748632,736.2623131,180.8553143,817.9188892,456.058284,820.6754692,180.7366335,981.1565871,470.1881783,982.0353113
squart,297.6956447,605.9859173,321.694433,616.5933373,257.3201791,584.8717897,362.9805312,576.5055576,228.2563534,634.5432393,411.0413167,614.9802754,197.413402,777.3457713,460.9969673,781.7877344,274.2201137,722.1944129,357.4419853,729.3335515,265.4822366,769.6749988,432.7231749,800.3202979,170.0753083,825.6188844,465.4002759,835.9795429,176.1690836,972.9114018,468.5473325,981.061182
squart,296.4975821,584.4743111,328.5620317,592.527919,276.531065,568.8151541,352.5356898,562.9469747,225.4891586,602.5839463,409.4056505,604.2244403,211.6247296,765.9027256,450.2369119,772.0964461,257.8911388,703.5147772,352.3954597,720.6129395,264.5594547,752.1772478,390.8878581,764.7148941,193.2185842,813.9816395,473.9764376,820.9364264,183.6337633,979.3335317,477.1736266,974.9940076
squart,312.5839518,556.9895289,338.8911976,563.3840348,289.422228,543.1327093,361.3853737,547.7159895,241.5867826,591.2261385,410.3587101,595.2390984,206.858888,767.4856058,476.0595549,761.7948082,275.8028659,682.3411813,389.5671181,684.6938883,285.7494204,744.1738364,409.2372528,790.4843673,174.6858928,819.5878386,468.3559469,828.9427153,184.7520872,984.5296552,471.3713739,980.3457718
squart,309.1799346,582.7912301,339.3772391,584.0233112,276.600061,560.7688999,355.0939462,560.6552067,232.4573099,612.5392611,411.8483273,609.9123604,206.7723712,771.4842422,475.602672,795.4023965,271.0750713,705.2209422,371.3064143,710.5633066,268.6558621,771.0992968,405.7523139,794.1664788,177.2204577,824.6934168,465.2835454,823.2542837,180.6765257,983.0226131,466.9626939,980.222487
squart,295.0750745,557.382915,323.343048,561.6116873,260.4399634,536.2521618,354.1608372,536.7341109,229.5736084,591.4546758,407.1309236,588.7382529,203.1047112,755.1951686,471.0914891,775.056753,256.3765513,681.9052082,381.2539279,697.3204174,270.7754917,758.3072796,400.2721493,794.4223204,178.2522649,824.5260742,471.2058218,813.2641831,181.3500523,982.6390745,475.4073858,970.9227943
squart,295.0750745,557.382915,323.343048,561.6116873,260.4399634,536.2521618,354.1608372,536.7341109,229.5736084,591.4546758,407.1309236,588.7382529,203.1047112,755.1951686,471.0914891,775.056753,256.3765513,681.9052082,381.2539279,697.3204174,270.7754917,758.3072796,400.2721493,794.4223204,178.2522649,824.5260742,471.2058218,813.2641831,181.3500523,982.6390745,475.4073858,970.9227943
squart,322.3332058,469.0748723,356.9941185,471.2355223,289.5931834,473.6135513,376.441407,483.0011356,248.8415327,563.6079682,413.7972573,569.2710778,222.5750835,700.3745307,445.4753867,711.5614151,269.6432279,574.350247,388.6428015,595.604221,267.2039401,745.0069043,384.499299,768.1056109,162.6296201,808.7186301,500.3854508,804.1290194,181.2036196,969.7313179,493.2298465,974.4846263
squart,314.1447072,451.3492874,350.9833431,448.0680434,282.8338746,468.0419141,376.7843729,466.7740881,258.9219229,566.0493661,404.5792855,562.8618007,211.4414009,658.3962342,462.0185114,665.2763341,273.8007022,559.064909,406.3800563,579.8205642,272.8067502,720.7761257,394.5101816,725.2927118,157.4236491,817.905269,493.1423386,804.8120097,176.4280585,951.7443282,495.8069665,969.4750926
squart,308.810176,467.3192783,346.5132765,469.9817001,283.0815313,479.3246192,362.7279827,478.4793379,250.2815611,570.9207159,420.1393927,579.8597621,202.9370489,732.1300328,477.7191364,739.3671344,259.2267459,628.0741102,386.9512158,657.6035792,273.8470619,746.6083923,391.6390132,758.144605,163.8015934,809.8202645,487.4229898,810.5585029,180.2277638,948.3046939,493.8885699,966.6474064
squart,321.6266839,474.3877903,355.0136639,477.7844859,292.2696091,478.4441046,371.7644482,484.2536789,252.5148199,567.2845805,410.0667718,569.5961073,226.4330422,695.7085704,450.9588125,698.2218418,283.8798135,608.8748622,386.9112186,637.919057,281.2383974,733.1439356,387.0356864,747.3767484,169.2763228,816.3021185,484.9974821,810.1599373,167.3045327,958.9328319,493.9612747,963.7948459
squart,302.6180862,479.3993383,351.215909,486.4778896,265.8009356,493.7847225,382.4727405,500.7649593,265.0878914,593.0729172,405.6163361,591.7692824,211.0472475,687.9032587,473.022131,696.4486631,272.148826,575.8194979,385.861571,581.835261,260.930545,746.3347101,376.2830806,745.4366747,154.769636,814.1092086,497.6603955,806.0776616,183.1924189,963.1843685,487.6655949,968.7430569
squart,309.7805645,468.9605077,345.9800759,467.7469705,281.684026,473.7297703,367.1901841,487.2159041,258.3254493,563.0077219,395.1176536,564.6822344,180.6012631,657.0246904,445.8660551,654.602156,257.3587376,577.8648241,392.1127774,584.9823496,256.284855,726.5236419,378.2781784,721.2463729,156.694363,812.7632425,490.4855438,807.3287342,176.6197639,968.4971267,490.196643,961.2595775
squart,309.6531873,483.8342994,355.9898714,486.4931723,280.3735491,497.854529,378.9339285,498.491895,270.6637169,563.3294263,408.3505036,586.4415612,226.8377464,667.5846637,492.6362185,749.1595188,284.2011981,559.2850057,388.7974511,572.8436525,260.6490616,719.3741443,361.3469431,715.8160849,158.0430148,812.149504,501.945311,794.5394666,168.377584,957.574013,491.936155,955.6041412
squart,308.4042568,489.261582,350.4129909,493.1208515,285.3543718,494.5148719,370.3652164,505.1810888,262.9745923,600.9371856,399.9292154,595.8794378,211.4318092,749.3820454,441.6677842,719.0811509,278.6545313,585.5165412,366.6735772,599.5277867,262.3925702,759.5923066,381.9412665,780.5701048,148.9059967,809.5225393,500.8641707,797.7632884,177.4724627,961.0273314,492.1819893,965.2935112
squart,288.0121576,493.3459679,312.8185,501.2510648,262.7015496,496.7317929,351.3282273,503.8753437,235.43923,571.2866698,393.5009148,566.5316349,164.6271159,678.2687531,432.2091257,692.5641675,260.6488058,572.3915015,423.0869107,644.9120827,257.4354069,748.581781,369.0802533,746.2872634,162.9938475,847.5389035,452.6319502,860.874704,175.3523215,1002.276086,461.3333149,998.7246129
squart,275.4098635,506.4499699,306.8104741,497.1881962,252.1368444,499.7813982,338.7853056,491.8046196,225.9381763,556.6680164,384.1747172,552.7115194,155.4453367,684.2081026,425.4851142,657.6973857,235.4057871,603.1880931,369.5295268,591.8899455,253.0831579,746.5635672,356.9652157,741.9368687,169.4764688,829.7727139,442.8361767,839.2524101,163.0524845,1000.121926,461.5146933,988.04225
squart,295.8248868,533.2356478,329.759295,533.7752747,266.421772,529.8208559,357.6467992,539.9498118,234.8744729,605.1499079,399.5353177,590.4332916,181.1703685,735.4562937,444.1816312,723.0842634,232.7423102,635.0892607,384.9179432,606.1844007,266.3928691,762.3788766,385.728119,760.967879,188.4358613,824.3059136,440.7894756,830.758481,173.4552185,993.6371949,471.862467,988.236705
squart,281.3919279,548.0882739,321.1841246,558.0138546,265.4483461,568.4490083,375.9847799,569.3887995,224.9475494,650.2459425,392.1850666,631.3128311,158.6622525,732.1929542,426.618561,736.0143366,241.248069,635.5515788,424.3891708,650.7255256,246.7559855,783.4270135,363.2012993,775.7591824,176.745031,829.978551,443.991972,825.3771745,168.9142055,1000.151341,469.9635416,990.6467702
squart,280.1574809,538.5639444,323.2401615,535.9904693,303.2224568,544.9698324,359.1516352,539.3150356,249.7402076,616.1155446,379.2395828,605.2400696,170.5722843,736.7296189,429.3489877,721.5420519,244.2803773,627.7628288,411.1470488,636.7376199,245.1108235,794.6812314,365.5568838,782.5711814,176.8373667,834.2199843,449.8551638,836.2420987,168.9968217,1004.131369,464.8493948,997.5561566
squart,279.3526125,552.1248293,325.9553694,547.0305053,235.3193342,555.4638151,368.5343917,551.271491,222.6335927,632.3481552,395.9272539,622.0586029,166.9407529,721.6325972,433.4617009,719.1700337,263.8479452,627.6024562,378.00488,611.5820771,250.7724624,783.4882723,370.7503217,787.8012594,180.6664225,825.9846465,439.8603632,824.2591063,178.8183648,992.9351491,461.8120988,999.2971713
squart,294.3654833,477.592237,325.4416399,478.2349743,268.1625309,490.7220726,355.4397896,487.9545261,238.8679298,581.0108256,377.4774025,581.1812375,189.0973663,684.8795829,427.3775813,717.3196101,251.8538264,654.2794286,406.6235886,599.697623,269.7009697,748.3281774,376.779641,748.4899568,178.0172052,845.793029,460.8981412,830.9083668,171.1779019,1004.141856,460.2362205,1000.431865
squart,303.7523962,417.9758316,340.4245208,412.1434611,270.2730804,431.9426996,355.9559489,429.311003,235.1370926,529.1147177,397.0168668,525.8478293,171.7628655,653.2556145,460.1740026,648.7677393,242.5621268,549.8404789,392.3405155,578.8802615,263.3222581,730.6160208,371.8585424,736.0940114,149.185178,820.6908798,449.8428864,809.590768,142.7528809,958.3524724,467.0043857,986.4356465
squart,306.0991244,431.1950934,334.1550263,423.7881235,272.0800218,440.8643209,351.4889197,438.8714931,236.1162096,527.6345642,389.9509445,522.1028604,172.7550271,651.1239633,456.8434256,642.7742928,245.0505878,557.875351,396.4870873,574.7307163,264.0030743,727.92249,378.7407843,738.7430368,132.5959493,825.7854596,465.430074,820.0518193,138.8371165,988.5361567,478.4123259,985.8281745
squart,296.5658428,474.6725668,330.8047863,481.2631582,273.7130344,481.6449064,347.4497745,486.7598525,238.8455492,571.0301248,371.6122605,558.9549246,164.424476,690.7783917,425.6716081,679.3645046,212.000467,632.5906964,357.8169873,559.4811232,240.4768353,765.0414582,371.8696687,764.3424818,149.7014652,827.9013804,435.9126586,835.4972741,182.7684674,986.6061223,440.9734437,997.1867496
squart,303.9722371,456.7958812,345.5063757,455.8356598,273.5394893,463.0540896,341.5518929,459.1682192,245.0554476,544.3705453,384.9463665,536.0938035,174.7009197,659.5388571,423.5169369,668.257359,243.840056,523.998205,344.322157,517.7094951,266.1009628,765.7321219,397.2328071,750.7175246,157.3111069,824.3154413,436.7093741,856.322309,183.2312971,994.396407,432.8218731,982.2169774
squart,295.2324737,448.2901544,326.0969424,443.7187678,257.0163152,450.0314249,347.670095,452.5060419,233.8257844,531.3781903,395.2284053,535.4179429,138.4768537,650.5494866,466.9133927,655.5465512,243.8324466,543.2608539,391.5881774,564.7314716,251.6901287,729.15131,365.5366134,727.3349687,143.8410871,790.7088761,475.3880426,799.3693165,138.753733,954.7021413,476.2137569,962.9466232
squart,288.076166,472.921257,327.4555055,467.2708084,262.8289908,471.7576924,363.0174271,478.6443465,229.9676339,547.0892063,376.590877,545.6097882,154.3493933,660.7690198,448.8168982,627.5943352,215.0932667,546.1227503,373.3864303,534.3736346,254.4885923,736.5809481,360.9660262,736.3001042,146.7114881,802.8430971,467.2477581,791.5617029,142.9240602,953.6503195,458.9249443,966.7041251
squart,280.5004788,533.3913524,316.8550234,531.0858364,258.5614042,521.964101,344.2684757,511.4606546,215.4491174,573.4411492,390.6041687,578.7214236,162.7099343,724.0775121,436.8975625,710.9953791,232.877105,697.8611953,368.1504694,696.4655444,257.1045585,730.9315865,341.7491295,731.5682811,148.1206952,810.2919825,442.6535194,805.2840474,147.6836351,969.9592798,431.4266058,961.5285917
squart,271.1150366,523.4462048,304.610882,523.9251804,252.06836,511.0916313,334.4041537,508.7642143,210.5153578,567.1495938,381.7518311,574.9787567,164.6785272,713.3334428,416.4834664,712.4907193,225.3042313,678.2030182,354.1803722,680.2914429,256.6281086,731.8166412,333.4202729,732.9254375,148.8702517,806.9827949,436.6700482,805.0543591,144.3912649,971.4124167,432.6032151,968.0309718
squart,280.5510588,515.8075003,316.2633137,516.9507306,257.8579517,506.7381674,342.6226422,506.5164721,215.4957329,580.3928028,392.147787,580.1091453,173.8608179,747.6760722,440.7627149,733.2525132,251.5065443,707.8588414,345.4814054,703.4265979,254.530348,766.5992722,379.3460183,741.4329228,149.8312724,802.2756543,444.2892496,811.2874053,144.8590822,976.0641174,429.1918123,958.7377375
squart,279.3156526,487.0053991,310.6515515,489.311075,252.2289884,478.7406788,343.7970774,483.9465219,208.8819616,558.3170151,383.3747725,563.3140796,177.5555265,700.0281438,424.4714033,701.7312395,228.8183609,674.5767302,327.2407801,683.1385043,241.7982467,711.7619448,357.0001293,716.457959,155.3083677,801.0478575,442.8224606,796.9760687,139.9028142,966.4838366,432.6697813,958.5589489
squart,283.2778407,484.5179292,321.3713858,478.3132743,252.3643587,474.1022145,352.3860918,484.0612701,218.1907983,561.4000313,394.1281457,562.0220826,158.1363736,708.4125361,438.3111498,688.5913646,215.2375253,700.7016704,366.374637,696.741017,251.3603034,734.226067,372.3497954,736.2174241,143.5354967,785.786115,461.8840363,808.4259565,170.1664291,941.3827105,441.5864149,960.3091716
squart,280.6758144,528.8036281,319.4200259,528.1917759,263.228068,524.5280164,348.597321,528.4077162,231.2926262,584.3024925,382.3286098,580.6171198,157.3646924,714.7378541,456.4081559,705.1934461,233.7490511,677.897236,347.0460934,662.0952271,251.1776142,758.7802765,355.5137413,763.9446836,136.3977648,775.4106853,468.572047,794.1378956,170.6919883,939.410153,438.4517636,959.5307123
squart,287.7680818,569.3664829,321.9737742,559.0023713,259.8252017,559.1865313,354.0675103,555.4140663,238.8506648,592.6898902,389.1568827,607.6468096,169.6356904,744.6926175,452.6936565,742.8898964,235.8601761,711.895205,337.8394718,715.4148976,246.7846326,766.0452577,358.5781817,773.6696067,152.1640927,801.539718,452.3047466,796.979202,164.7598005,939.3276647,443.4977776,959.0066877
squart,292.4338503,479.357103,332.4372873,476.1271105,263.1053586,489.7049087,358.8349505,496.2972906,222.8021501,580.4504167,387.8618803,578.0221913,164.8769467,739.4568484,447.8974094,741.1158224,249.09552,691.5195075,368.5258552,677.8187122,255.6074278,752.2223926,377.9401363,752.4684507,149.2559645,793.7784001,466.7824026,812.0485357,164.8555253,939.6934908,445.7260168,956.6901093
squart,289.5363368,461.9066389,318.8268775,458.0384811,243.2933952,467.1113949,347.8586031,461.4568219,238.7684962,545.4987807,385.5009564,544.284668,162.8808577,656.8675789,423.8820276,646.4092134,239.3152849,566.4779216,350.4227104,550.2818232,251.1993553,718.9478268,354.6277913,727.4764138,159.499221,837.879971,428.8848152,849.5789223,183.6424597,990.2164882,444.71221,985.031427
squart,285.5791364,491.5111147,328.5715914,493.6968948,261.4389031,498.8685596,349.5692762,499.3618589,230.7930924,568.5907092,378.0344543,578.0528207,176.9300222,679.0541824,417.468818,675.7600216,251.4411292,631.7877463,356.1688838,586.3224967,262.3735147,757.7289023,370.9582689,748.944154,160.0585429,824.8697755,424.2277111,856.0852031,181.2980015,997.0051475,431.5468214,992.3374606
lunge,303.0843202,280.0313915,312.8015286,272.9491847,271.0956702,285.1065322,289.5748357,282.1905601,260.5056001,336.5717293,266.1938434,336.7032204,244.1707664,410.5705775,253.9818693,408.5376992,275.1801097,472.1536575,283.2258309,469.9163702,249.3589723,479.6184438,260.1878233,476.1401658,255.452206,558.9215882,242.7895003,558.2315001,301.774494,630.5705004,237.8761688,620.5512198
lunge,283.8737216,263.4560388,288.4174946,260.1434194,260.24524,268.7385086,268.6261338,265.6613752,260.5374461,328.970038,204.810988,327.464147,221.9891425,406.6866361,211.1580717,401.2313672,266.6922373,471.3158151,242.8171841,463.5613606,231.2873586,476.6138234,197.8472618,469.0952386,318.6742097,522.597577,205.903271,559.8242703,235.9580246,627.6710046,238.6343678,637.4522414
lunge,269.7699851,225.3936133,278.3444735,227.6736155,238.8516975,241.1959419,258.9698425,239.9354056,223.2560449,294.1481239,225.6263722,295.4182306,205.3539919,373.1084409,212.5600634,369.618525,225.1354702,439.3519608,218.5540239,435.2490737,198.2210038,441.6756583,195.602803,436.8522882,269.044806,524.6654543,210.6730395,533.3410495,193.5062615,600.1067394,187.6388739,603.1099531
lunge,269.7699851,225.3936133,278.3444735,227.6736155,238.8516975,241.1959419,258.9698425,239.9354056,223.2560449,294.1481239,225.6263722,295.4182306,205.3539919,373.1084409,212.5600634,369.618525,225.1354702,439.3519608,218.5540239,435.2490737,198.2210038,441.6756583,195.602803,436.8522882,269.044806,524.6654543,210.6730395,533.3410495,193.5062615,600.1067394,187.6388739,603.1099531
lunge,273.2466188,259.9229391,284.189983,258.1270601,249.3122065,272.3541392,277.3501403,265.9955701,248.9748355,319.7577787,213.1746567,325.7182938,214.7620467,398.544039,207.7805619,395.8014628,223.3599499,454.3300885,216.3555198,451.140285,203.7768473,463.6894626,196.5567737,458.2234936,311.873278,522.7784119,205.2699372,550.0165178,264.2537357,627.6869907,195.4571055,616.8061656
lunge,275.201689,268.6528444,286.0505184,269.796469,252.3539035,278.8049162,277.0418617,276.2609088,234.8190184,329.6492343,241.2434759,328.4667741,214.0545408,408.1721503,211.1125653,407.5191498,241.8997551,478.5692864,229.729232,471.2171702,204.0381039,486.3960834,203.8013081,481.0094055,323.2089113,532.4294152,312.8386254,530.211908,263.4450356,628.4359077,238.5258311,605.0691248
lunge,270.3220391,278.118281,276.1245608,278.7762052,238.260455,290.9245152,261.8950625,290.230569,230.1319385,344.7984347,216.0534098,342.9361174,212.7297521,415.6580808,197.3483556,408.524143,233.1884485,474.5515307,213.79036,474.4248781,209.0303246,481.2680393,192.5021739,475.7475471,318.5970494,515.1635267,196.8290868,559.2354701,211.9911473,631.0104806,200.0612406,634.611745
lunge,277.7401682,286.8017201,290.2702393,284.1627765,252.1417819,294.5337301,272.3435547,294.3204115,231.9912146,346.1877977,242.8941096,339.6488627,218.0249366,416.2175519,218.8906906,418.2311616,229.2630682,484.5870957,231.2477646,473.6457793,209.1574524,487.8270742,205.2608445,483.2041485,322.2116752,540.9519701,209.2599914,558.0165615,245.8203756,625.7012181,203.7339448,614.0224093
lunge,306.9382391,280.5068182,312.3893238,282.075588,278.2192667,287.7454544,286.2472293,286.437855,258.8589152,341.5591169,266.6155679,341.1478904,231.6641529,411.1943767,251.0815583,417.2834627,253.0817507,477.6669028,266.2639387,472.011573,220.6177589,479.2523407,231.2525671,478.7733544,264.9947525,549.4367125,218.8371799,557.4681316,253.3112894,621.41302,243.6411882,620.1418476
lunge,304.481552,268.2824144,310.5592683,262.2352332,279.5519101,273.9944841,263.6558125,266.9363843,275.6563907,328.5054818,221.7212905,330.9176572,231.304114,403.8862542,221.8506808,402.8859503,261.6747874,470.4647575,245.341704,470.6627295,237.1993989,479.9736338,203.8531325,473.6923308,327.7560993,522.3698923,208.7597191,560.6969411,238.410336,625.1247378,233.0449068,627.0419194
lunge,299.7168849,259.4568269,304.2139561,258.06578,269.231677,266.4787341,276.5805859,267.5658745,254.4119608,320.4764287,258.5417146,322.6168189,218.9396548,400.6656296,237.6061823,395.1426648,249.8863947,463.792541,259.0512077,455.0372711,215.7134774,471.7736572,232.1794944,467.1578506,330.6376486,522.7511289,325.4081838,517.4435289,246.456164,597.2109098,298.1769651,636.796598
lunge,286.5539923,298.9389037,295.8608956,297.6795397,265.6044152,303.7388916,260.0040045,299.2544695,260.0415068,361.6113622,212.8021526,360.5420836,223.5476747,435.1679069,215.0449039,430.924811,249.298482,490.881145,229.4109642,484.3283766,228.844951,503.3160326,198.1769061,497.8862987,250.5971023,588.0571383,211.3027874,599.8307127,235.7205244,638.688756,229.9724098,635.2384856
lunge,286.2358526,259.2250071,290.8982583,258.641024,264.4259431,268.2766807,273.5260609,267.4946831,252.8804294,320.3381595,225.2509012,322.2790219,216.7821322,396.4201891,212.1520421,393.3407537,224.0070509,479.8321887,219.9682673,467.5464621,202.9249886,477.7094471,200.0583378,470.6418836,319.5512122,513.5631258,302.7449641,512.6727211,251.2864227,603.6211674,262.7324283,628.0013415
lunge,290.9369558,296.7973625,296.9376825,295.4470695,267.7558547,301.1277852,278.4159989,299.6774831,254.3725589,353.335377,246.2399229,347.4715885,221.3562356,415.9162458,216.8918429,415.885723,234.2561641,489.1759604,219.1260776,481.5675976,220.8739782,491.5459538,201.0805256,485.3569013,219.5744828,549.060293,199.9804304,550.9234202,253.0759663,631.2602049,186.0690718,624.3554438
lunge,275.0528965,283.0602468,283.1332812,278.4127451,249.3462723,288.0965093,269.2794246,285.9737464,239.1858241,334.4376909,218.9888752,336.2461243,213.769357,411.3700107,196.8798867,402.8946894,230.472127,476.1193626,216.330995,472.9302838,207.800028,477.2431218,192.6272953,470.8543496,313.8055736,519.2985566,184.38243,552.7451115,198.2452512,622.0113267,194.6401663,621.4732557
lunge,275.0528965,283.0602468,283.1332812,278.4127451,249.3462723,288.0965093,269.2794246,285.9737464,239.1858241,334.4376909,218.9888752,336.2461243,213.769357,411.3700107,196.8798867,402.8946894,230.472127,476.1193626,216.330995,472.9302838,207.800028,477.2431218,192.6272953,470.8543496,313.8055736,519.2985566,184.38243,552.7451115,198.2452512,622.0113267,194.6401663,621.4732557
lunge,296.9835305,279.555986,301.4270697,281.6629973,275.2718056,286.4661611,271.2918048,283.464205,267.0665984,339.202424,226.3136862,342.137004,220.3223938,410.8494178,211.934499,409.7089904,239.3084909,481.0091497,218.765932,473.8743166,227.435318,478.6602154,191.4387912,473.2617717,322.6195685,522.5392171,198.4031577,555.2299064,236.8563716,629.2494939,226.9287705,627.4162927
lunge,308.8924555,299.8919314,313.9303108,299.0368453,277.9968997,304.8569598,278.5152081,301.0004079,264.5035517,357.1221229,239.2475951,356.9953638,217.2369833,423.1248281,217.4129686,424.4058053,234.7407695,488.5947909,229.2659071,473.5454718,221.1094933,499.8277366,216.4991042,494.8242989,324.6664626,526.6019045,325.8518931,535.8790035,233.3757678,631.5247216,228.6655932,631.1951947
lunge,288.6607151,301.3741417,295.8712476,301.8112658,271.1511873,306.3829294,250.7185525,302.7799171,264.0844099,362.7594629,202.8689806,363.0433335,224.2328756,434.2518391,192.2124864,435.4885242,228.2788737,492.9283042,211.3309621,485.9625828,222.789497,508.9882862,183.9621996,502.4414434,325.4905522,518.6866085,197.9996188,572.0712039,238.4466217,630.5140587,204.5232215,632.926767
lunge,293.0485452,298.7458769,298.4956811,297.5436152,266.3210566,304.8440004,280.8429104,303.1334019,261.1622848,354.3269205,249.9022537,354.5663497,215.2069086,415.4229359,210.9518839,414.2343796,235.693054,499.9253584,223.3938663,478.7210478,211.9041898,501.3740832,206.8250543,495.9506159,256.2734994,548.9301874,217.9143294,562.4089037,231.5343571,633.4678646,226.8396572,634.8735335
lunge,294.9997093,290.8648764,299.7328079,287.8994326,272.5142466,293.6447961,268.8335809,293.071577,261.5652261,347.4856136,203.8618837,347.2858939,222.0791523,423.2540384,217.048298,422.600228,248.9495209,485.7677655,229.1059514,478.6644783,227.8340758,492.6848891,201.2834263,486.6365144,259.7771339,568.8294776,211.392605,571.3449232,244.4309344,628.2907539,236.540345,627.0937996
lunge,282.4240677,274.3251833,293.5633103,271.326659,258.0846437,281.6837579,288.008406,283.45229,236.9828804,330.6318469,261.1689442,337.9505628,212.7019616,406.032101,216.2829272,407.4785238,234.0067324,481.552592,240.1598587,473.3103268,206.2572481,479.1020287,214.1854038,476.9539225,320.8260761,524.0027344,327.8495669,521.6411817,262.315485,626.281194,199.4631253,595.035947
lunge,289.9319291,300.6062119,292.5511331,298.4406915,271.4874911,306.880012,253.6390767,299.8801443,265.7496645,362.4088344,206.212382,360.9561451,223.5015279,437.9688003,209.0374537,433.0854077,229.3428753,501.1598694,213.5256883,497.3230337,223.8160604,503.4436656,185.2816308,498.1558032,268.0120954,564.9868869,202.0324046,579.6323331,240.7534704,631.6635663,239.3031975,629.8787496
lunge,300.6573019,295.3482328,304.083584,292.8819391,270.773219,300.0542649,279.9584159,296.8122402,256.9541753,354.3406899,254.6220974,353.8489573,223.713991,417.8957518,221.5652409,416.3383216,236.525596,487.8977115,247.1078113,480.7793334,214.9480853,499.1188061,216.4251669,494.2519111,321.3841279,527.380236,318.7375388,534.1111535,237.175237,633.4526032,236.6933423,633.5897001
lunge,290.7683984,300.0331207,289.3277732,298.171592,273.8380107,306.9150109,245.5157256,300.3973268,264.4009914,361.780005,199.8242314,357.1164319,221.893754,434.933444,186.4312878,439.1278569,229.0279586,502.8858145,211.0663331,494.3610855,222.8857607,510.8199954,182.5945725,508.4098876,319.183532,521.2234967,189.9388283,572.3923328,239.4751487,631.4412528,191.3539682,636.7771589
lunge,301.6410269,285.6302796,307.7715281,284.7991514,270.8237841,290.0631199,292.3508151,286.2596632,253.5716922,339.5832344,259.8484245,336.7964939,220.9497938,410.3469852,239.826287,418.2868785,232.5307393,480.0720655,258.0161492,486.2015644,210.6642882,484.319126,226.9805309,481.7900816,324.7057792,525.3855964,316.5659715,525.9893596,252.0836182,623.3779468,256.0460312,622.9884826
lunge,293.3449775,277.772768,299.8660402,272.2603754,271.4111845,280.6491585,278.3353807,276.7685635,258.8943684,331.1576406,208.7968159,329.701413,228.2142852,408.0990405,210.7390793,404.7315568,231.1465063,470.6104656,222.5758173,460.4303434,217.2179867,473.6929276,196.3410663,469.8463724,226.9183117,548.1482324,196.1027764,548.204333,208.8188434,617.2039426,244.9054866,638.6189287
lunge,302.6433216,260.126325,305.4449998,263.5356069,272.7811808,267.2611793,271.2301832,261.3827049,253.3037761,320.3504155,252.5617775,322.0793021,215.2607181,397.8633293,221.5225946,399.82378,228.3130462,461.7140916,231.7151449,461.3782129,197.0627663,477.2104675,215.5588793,475.003703,274.6270099,529.4093629,330.8383935,518.588603,216.8779049,590.9101251,229.4791599,588.0025724
lunge,300.2920977,250.6437086,301.5507611,251.4001924,276.0876775,254.3169105,265.9350628,249.023762,273.3449529,305.2859416,227.0274034,304.4169369,218.564376,374.7067957,214.9769857,378.5386437,230.7040563,449.9725747,215.4125841,436.8075697,210.5281104,450.1339278,187.5060684,442.8816927,312.6502389,514.5807373,202.1586786,534.52773,260.7801116,617.2489594,185.5771239,607.3451198
lunge,275.4181648,257.8702166,289.4464272,258.6034673,250.9881121,268.7154247,272.5448546,267.7563436,229.7338637,321.8801579,250.3857064,320.6850367,193.8223308,394.1319167,218.5338107,394.6950539,210.4551976,470.2236871,230.3490547,467.2577744,190.1144508,466.3168962,214.8567095,462.843009,310.3096018,514.1376025,302.3213186,512.7628401,247.6701107,599.0691347,195.3771063,586.2352339
lunge,275.9500269,276.6437653,284.3747196,274.5105795,255.4645218,278.9577647,274.4407151,277.9929286,245.8069285,328.7533091,205.546135,331.3590229,224.5840352,408.6837909,192.3045239,404.1011927,235.8440663,465.3031214,204.9580088,470.3675194,204.1635668,482.5890032,178.4212546,472.0711266,316.2005964,518.6863527,197.6506363,562.7121282,208.2034817,620.4627633,192.3041824,622.5168712
lunge,303.395715,303.4222388,308.7162354,302.7291453,272.7348419,309.5298261,278.9674765,304.9520664,256.4685454,360.1651952,250.2573407,365.008175,213.5052829,430.2974736,217.0082771,431.7138425,233.1130384,504.0551022,227.590898,482.0788972,208.1044859,510.0138268,229.6249001,505.9018596,295.151554,538.9725493,323.5948837,534.886373,232.2875829,640.3765476,215.0979876,632.3233448
lunge,284.0323326,299.8571243,293.5916131,299.8941907,263.2740662,305.4931002,218.9272323,307.2267613,256.9482629,359.8851187,201.80944,363.8503974,211.8176166,432.3460396,190.6180955,428.9482037,233.2226211,501.6225712,218.1310187,488.2285173,211.871362,502.1733032,187.7225443,495.5945734,222.4134711,576.0872545,188.8161507,576.415673,239.9247705,632.0401136,200.4434778,642.9955831
lunge,275.0158211,282.0617547,286.1375399,280.5226338,246.3316188,291.7035927,278.394633,293.5605386,222.6969686,340.7867536,252.1352078,338.8738563,188.478182,409.2651309,243.1702433,406.9412628,224.7734036,480.5442738,241.6859259,482.0544278,204.6352374,486.9846278,234.9322723,480.8311284,216.4596596,558.7469347,314.0451869,541.3465924,265.3927419,642.2623112,274.2266085,640.8632925
lunge,281.8197198,281.3324899,289.3808143,278.4610444,260.1445153,280.5601053,273.6476605,277.0262382,250.2281627,328.0016637,204.951264,329.109309,224.5272589,404.3443094,190.7366428,399.9193129,226.8188036,468.6769995,212.4054866,460.4997871,206.3185068,468.9656872,180.8806525,462.8197333,312.1544063,520.1553691,196.2021136,551.5351978,194.1191473,615.9497367,197.9479224,614.8349723
lunge,279.0082445,287.9485845,290.3852007,286.1142749,254.8225435,296.5315669,263.4815987,291.5481864,220.5992105,346.6769086,247.227682,348.1752329,192.8605479,416.4833049,213.312286,419.6078424,216.6182278,482.016189,234.3157366,480.5446574,186.4191642,487.653188,206.8674445,486.3495318,200.6526112,556.7783418,182.0595088,555.3730566,191.9341542,621.358241,191.8728102,620.0247867
lunge,274.3770018,295.9439603,277.1433762,293.4754499,247.8673124,300.8643342,219.3147416,299.5385745,237.8081865,356.4741954,197.0615283,352.632031,214.3685609,431.8571632,181.8387214,425.3590034,227.12943,487.4401252,198.2777375,482.0032296,196.23968,495.3763524,166.552564,489.3246099,208.2232893,574.4197546,179.8864687,579.0178699,205.5442994,639.6257549,187.9058935,639.2734637
lunge,274.3770018,295.9439603,277.1433762,293.4754499,247.8673124,300.8643342,219.3147416,299.5385745,237.8081865,356.4741954,197.0615283,352.632031,214.3685609,431.8571632,181.8387214,425.3590034,227.12943,487.4401252,198.2777375,482.0032296,196.23968,495.3763524,166.552564,489.3246099,208.2232893,574.4197546,179.8864687,579.0178699,205.5442994,639.6257549,187.9058935,639.2734637
lunge,280.7528793,297.4684805,292.7718138,293.2960858,257.1255075,299.1542899,273.0723837,300.9030205,224.16976,354.1549953,249.1463598,349.8339511,209.9605603,425.1889965,220.176867,426.5388206,224.8319729,482.0649999,228.866765,483.9219033,198.6903692,488.1503772,213.2049232,484.9473586,310.7963843,524.9945123,192.0620077,551.5463668,259.3964122,643.3523077,279.5261046,642.2272696
lunge,274.253652,277.0134707,283.2568231,275.0310231,250.0702348,283.5214992,231.8256027,275.2758237,245.6419783,327.4663211,196.7242853,340.23097,218.3511445,405.3198455,188.4115872,402.5658872,231.1721197,469.4117208,203.3038106,467.0060039,199.9397051,476.6159549,178.0261254,465.0580864,313.9140676,518.5073936,189.8639092,553.6658259,201.7866868,618.4926358,191.8216688,621.8610999
lunge,291.0275632,258.3169963,295.2073058,258.1817112,262.9733436,266.1626142,273.3661693,263.1809925,251.5473805,322.9293153,241.5880828,318.6587872,218.3220946,405.0837627,214.2421162,401.3279233,230.375095,476.5092104,222.4003015,459.7564972,203.1596499,479.2843555,202.3274281,468.2271718,321.1136291,520.6089482,230.6299696,534.0960199,206.4028175,589.5612389,196.9351262,584.9974831
lunge,300.9656872,275.6051801,304.1159849,278.3068531,277.8900919,284.142229,270.3857524,281.0713196,266.1269925,338.5722305,216.0113825,337.6207162,237.9327743,418.4809712,213.6732641,412.9018206,252.6180416,482.4833243,219.6912585,476.3911263,234.2518739,483.8189527,189.6268999,477.3339229,245.6400786,555.2189932,206.7995263,562.2438419,240.3123224,624.3718562,220.0961848,627.0852311
lunge,315.6663438,301.6022741,324.2773312,305.2430775,289.1951385,310.9706005,307.9819208,310.3185592,263.7403793,359.5248558,262.0658185,364.0979902,224.8767109,438.9990302,238.9347702,437.6209853,247.52484,497.3272114,262.7920008,492.9482975,213.8309999,509.4680399,219.9857058,506.1665043,278.5595406,545.1078032,339.3368314,545.5925019,235.9264347,639.203338,236.0939463,637.1069415
lunge,304.4709225,303.1412884,308.7727769,301.321622,280.5485698,310.897853,252.7725117,303.8806351,274.9419905,364.0377971,207.7950761,362.2254844,240.0460499,437.6449858,213.5637241,432.3950637,254.006757,504.8971649,232.0082688,490.2198744,232.7336614,510.1921891,189.9269608,501.2114086,240.7234814,587.4146674,206.2011975,591.1121469,232.9034569,647.8252625,214.7453553,647.7460141
lunge,313.9905023,304.2774954,322.6098354,300.0323107,284.7476719,308.323536,285.0372953,301.3862485,259.6357053,357.319498,264.7131119,362.5112733,215.4323278,423.1718485,253.9866505,433.8540196,232.5156061,498.1337637,268.7907852,494.442636,225.9213104,508.4111239,246.2609899,503.3236633,247.3399967,559.3221787,277.1415832,552.06875,247.8932673,635.022524,242.1972119,632.9874715
lunge,310.7273775,294.436428,316.0035868,292.0052185,283.7958142,300.8507779,237.0592937,312.9620855,273.6567532,359.3217683,216.3436736,357.6911004,247.6095563,432.8841533,212.5748765,425.4506997,259.8329924,493.6612352,225.5463517,485.9615597,229.8676723,502.9138648,194.644051,496.7071637,258.1620815,579.7616714,209.8308285,587.3155535,241.589214,642.1086314,236.5628208,635.3385373
lunge,303.7852733,262.4486371,300.5482316,262.1789195,281.9300494,268.0224803,250.4041908,256.6698946,273.9307098,320.8089183,215.7743306,324.460912,245.3498362,402.2151734,218.2861719,394.888976,272.423938,462.1373184,240.799105,451.6745193,231.0806799,462.2571503,204.6080445,459.1310355,267.5910539,541.7268059,207.0343584,553.774233,236.1376598,631.3057333,239.5985413,633.0679136
lunge,276.932023,268.6188473,284.6589428,271.1277066,252.0684209,276.4147164,276.5545029,275.9437018,230.7543226,332.9410504,226.9782256,331.7113992,212.475155,410.4793928,213.1614231,410.6915604,225.2576674,474.87364,214.9474449,476.964111,188.1234365,479.2146988,195.984656,473.7269034,307.3241262,520.1913485,204.4898387,529.4455981,267.9286171,645.6419869,268.9387025,644.588396
lunge,284.3032582,258.3050174,293.5744095,260.2973976,264.8201972,264.6981165,260.8982107,257.8689804,257.2146848,314.5206028,207.8003269,317.0143286,208.0166747,386.1896361,210.3783574,393.3407111,220.6410244,451.1896075,205.073824,449.8793437,209.363256,460.934055,188.7046898,456.6184035,275.0005812,535.7419493,201.2780475,541.7679861,250.4594303,613.299411,212.0238044,609.5939172
lunge,278.1592886,262.7509023,285.8037974,259.1177509,252.8389571,270.4840847,269.3051661,265.2031069,254.6011798,326.4931509,212.9416602,328.9112518,228.734045,399.810309,229.1909452,398.0610881,266.2627861,457.0278183,255.9364485,443.928335,232.7898615,474.4595786,213.6903397,468.7444395,268.1633851,540.8236549,206.6685138,563.3951824,239.800204,632.0114239,311.0491244,625.7571907
lunge,280.7622922,279.0863569,290.8679704,270.2753275,258.9583378,277.0319293,267.0972918,279.5002478,252.5510199,332.0811685,209.5751641,336.393431,236.2663884,416.148705,223.0080219,413.2057271,276.0846466,477.1100321,252.4724935,468.9730195,232.4236327,483.8595361,204.969919,477.0468977,256.0438754,570.5982655,219.7923673,584.5633005,252.6144557,632.7636661,249.0609605,633.6065388
lunge,296.6317519,260.8274329,300.8981532,259.1089479,269.4553246,266.6651534,263.7706672,264.2220503,262.1431496,325.3541729,218.7578638,327.1125166,231.8835103,403.5820493,226.2224812,398.1853961,285.3108464,461.5520991,266.26761,448.942089,226.1361,457.3981417,214.3181452,465.3658722,321.9335138,523.4662407,211.8750759,551.5291444,242.5564611,619.7591616,308.8484432,628.5492173
lunge,297.2975293,252.887774,301.8838205,250.3631631,268.0297473,259.0648902,279.0280095,255.7665518,252.45053,312.9070293,260.7296746,312.8995478,241.5646679,387.2189707,251.230244,380.7735864,265.3103308,443.3269164,273.1007719,436.210073,228.1633786,455.882659,237.1081085,443.588918,258.9835883,543.8368439,219.9739022,549.690785,240.4062169,606.5529337,305.7436946,635.2676869
lunge,258.9699919,231.606986,267.2599368,231.2995625,228.1817349,244.9247115,249.3137647,241.5557358,209.1677832,297.7993076,223.4031298,292.8175258,192.1770972,368.1479313,205.6812883,365.9626094,213.5060513,434.5914693,228.9747895,428.702444,183.0217612,436.1249843,201.1146767,434.4712964,213.2820195,538.2559028,204.3460622,534.1745437,267.9630457,647.1474943,277.0279238,644.4684789
lunge,269.0657876,249.0670097,274.4188797,247.2977529,237.8304915,255.2634158,239.1155367,251.0213856,217.2042195,308.1414649,217.7791121,305.7869887,192.0602575,367.0469363,203.0278263,369.94413,221.0802087,438.8201137,212.2310594,433.4207322,188.1229243,447.5302815,176.910406,440.6490094,284.2307296,520.5298703,171.276826,538.8802135,221.9545004,618.7444489,190.2952814,615.9350721
lunge,275.9729295,263.7165483,281.6170538,267.6664804,250.5405607,272.1647572,273.3779515,274.1271261,220.3325751,328.27217,230.644804,327.2197514,191.9618594,400.3343975,207.3501288,399.220571,214.7490052,464.2617652,225.1160681,460.2924793,188.6012117,471.1205289,201.0624254,466.3772597,302.3507953,521.8320771,211.9157585,537.7152315,279.2371428,632.8665313,279.0128336,640.350032
lunge,275.9729295,263.7165483,281.6170538,267.6664804,250.5405607,272.1647572,273.3779515,274.1271261,220.3325751,328.27217,230.644804,327.2197514,191.9618594,400.3343975,207.3501288,399.220571,214.7490052,464.2617652,225.1160681,460.2924793,188.6012117,471.1205289,201.0624254,466.3772597,302.3507953,521.8320771,211.9157585,537.7152315,279.2371428,632.8665313,279.0128336,640.350032
lunge,275.9729295,263.7165483,281.6170538,267.6664804,250.5405607,272.1647572,273.3779515,274.1271261,220.3325751,328.27217,230.644804,327.2197514,191.9618594,400.3343975,207.3501288,399.220571,214.7490052,464.2617652,225.1160681,460.2924793,188.6012117,471.1205289,201.0624254,466.3772597,302.3507953,521.8320771,211.9157585,537.7152315,279.2371428,632.8665313,279.0128336,640.350032
lunge,275.0404954,301.352763,273.6341281,301.6136988,245.8792223,302.9825996,222.7241402,302.9798713,230.5063636,353.6179048,203.5807768,350.9710961,198.8040927,413.3608989,180.1707773,414.0494097,226.0537957,483.6512052,198.9567912,478.7402312,198.0732146,489.3461379,171.2144574,478.1472959,276.2987532,555.2841739,177.0068404,589.0284966,213.5932649,635.2942451,198.4701795,636.9703136
lunge,275.0404954,301.352763,273.6341281,301.6136988,245.8792223,302.9825996,222.7241402,302.9798713,230.5063636,353.6179048,203.5807768,350.9710961,198.8040927,413.3608989,180.1707773,414.0494097,226.0537957,483.6512052,198.9567912,478.7402312,198.0732146,489.3461379,171.2144574,478.1472959,276.2987532,555.2841739,177.0068404,589.0284966,213.5932649,635.2942451,198.4701795,636.9703136
lunge,275.0404954,301.352763,273.6341281,301.6136988,245.8792223,302.9825996,222.7241402,302.9798713,230.5063636,353.6179048,203.5807768,350.9710961,198.8040927,413.3608989,180.1707773,414.0494097,226.0537957,483.6512052,198.9567912,478.7402312,198.0732146,489.3461379,171.2144574,478.1472959,276.2987532,555.2841739,177.0068404,589.0284966,213.5932649,635.2942451,198.4701795,636.9703136
lunge,286.6461365,296.9151694,297.2248513,297.177171,261.1313779,300.8560001,275.0146045,299.1753489,224.7953671,355.3804901,253.0145155,350.5671165,196.3503298,410.0030495,231.8932007,427.7200446,218.2847204,487.8624142,230.2904641,486.0739314,197.9615402,483.7627669,219.6955701,480.7891383,205.2128621,554.2784987,183.1593905,558.1075758,192.4619182,631.3010014,271.9370061,645.8694585
lunge,274.6666466,297.6352262,279.1298014,296.2896651,252.4048101,298.005166,249.6479981,298.1450764,234.3897593,350.7174925,197.2568731,346.8044137,203.5622071,413.1269902,185.4141374,414.2929953,225.7672032,483.6345797,211.7725797,481.6969359,198.8789265,487.5567598,169.0548643,473.2128329,297.9935306,518.8154778,178.0602766,578.937172,271.9471021,634.674709,190.344331,636.6268468
lunge,286.6461365,296.9151694,297.2248513,297.177171,261.1313779,300.8560001,275.0146045,299.1753489,224.7953671,355.3804901,253.0145155,350.5671165,196.3503298,410.0030495,231.8932007,427.7200446,218.2847204,487.8624142,230.2904641,486.0739314,197.9615402,483.7627669,219.6955701,480.7891383,205.2128621,554.2784987,183.1593905,558.1075758,192.4619182,631.3010014,271.9370061,645.8694585
lunge,274.6666466,297.6352262,279.1298014,296.2896651,252.4048101,298.005166,249.6479981,298.1450764,234.3897593,350.7174925,197.2568731,346.8044137,203.5622071,413.1269902,185.4141374,414.2929953,225.7672032,483.6345797,211.7725797,481.6969359,198.8789265,487.5567598,169.0548643,473.2128329,297.9935306,518.8154778,178.0602766,578.937172,271.9471021,634.674709,190.344331,636.6268468
lunge,277.8452898,257.4500379,282.5797118,252.4155871,247.0617072,259.7529109,259.6690667,262.4381928,218.9870396,316.9966799,237.2872315,307.6955378,184.7781569,380.6515805,210.1883914,382.1787863,227.7359338,458.1573751,237.0511187,454.0759733,186.983726,462.2298247,207.8111272,458.1996211,213.0903887,541.6387331,209.6321112,536.6421588,271.8092166,643.5555231,279.9774552,642.772545
lunge,279.0437404,282.778934,286.9571257,282.1285766,246.5204109,291.9256077,270.9221395,293.6376343,221.7598813,344.4107183,249.698798,343.1640579,199.0819126,419.5675574,238.3502726,417.2659846,232.3514883,474.4537383,243.8125418,478.3942066,209.2704075,481.2839402,229.1024082,478.8771575,256.1090188,546.8988437,201.5495921,549.7355461,272.993836,629.861783,265.8974111,628.6647861
lunge,279.0437404,282.778934,286.9571257,282.1285766,246.5204109,291.9256077,270.9221395,293.6376343,221.7598813,344.4107183,249.698798,343.1640579,199.0819126,419.5675574,238.3502726,417.2659846,232.3514883,474.4537383,243.8125418,478.3942066,209.2704075,481.2839402,229.1024082,478.8771575,256.1090188,546.8988437,201.5495921,549.7355461,272.993836,629.861783,265.8974111,628.6647861
lunge,286.6684842,301.0735177,296.0233058,299.3173055,262.5133058,302.9469613,271.5029658,301.0587678,253.1489005,348.5959872,220.1495461,347.0008936,208.2227344,408.8373001,189.8700137,404.9609468,229.1884052,466.6546506,219.7831679,462.7086831,214.3030974,479.0495943,204.8483835,472.9576947,206.1466409,559.4890736,197.4762945,562.9051124,250.2644911,628.2336729,191.2212055,626.5502294
lunge,286.7572986,294.528849,300.656128,294.4106371,260.0041966,300.062258,281.5098191,299.0362272,226.8150257,350.8329122,263.0620087,347.9745327,200.2090726,410.3162919,242.2216727,423.6642206,226.3624157,479.0153201,240.229271,478.1791828,202.25443,476.7582099,224.6902454,476.2261071,215.0569422,543.4376176,193.7184685,547.096432,189.3632101,618.9316781,179.9427328,618.030275
lunge,280.3352316,287.3703351,290.3561082,281.0556106,265.3393807,286.1399379,267.3296052,283.5121207,244.7222441,331.1562551,211.3980692,331.2642785,212.737735,407.9922107,197.8315522,399.0800638,233.0784817,464.6586895,212.1982316,464.1770601,198.5354936,475.8033492,187.7002179,467.4623539,311.6834187,516.3477774,194.3289636,566.5579587,290.1576471,628.3078484,271.4057844,627.5092252
lunge,252.4184279,293.0738363,255.1774384,287.0941805,230.8128705,292.6199588,226.8464447,290.3923271,217.2278479,347.6920902,187.9467895,345.6002977,183.567113,418.5040338,182.0839696,415.423959,219.3535459,481.1053221,213.8760368,475.9514445,190.5399746,485.1913705,188.9088712,480.1143115,310.6281256,517.6757751,180.8214855,573.9586727,199.1828721,630.3816938,276.5678646,629.9712559
lunge,252.4184279,293.0738363,255.1774384,287.0941805,230.8128705,292.6199588,226.8464447,290.3923271,217.2278479,347.6920902,187.9467895,345.6002977,183.567113,418.5040338,182.0839696,415.423959,219.3535459,481.1053221,213.8760368,475.9514445,190.5399746,485.1913705,188.9088712,480.1143115,310.6281256,517.6757751,180.8214855,573.9586727,199.1828721,630.3816938,276.5678646,629.9712559
lunge,274.6666466,297.6352262,279.1298014,296.2896651,252.4048101,298.005166,249.6479981,298.1450764,234.3897593,350.7174925,197.2568731,346.8044137,203.5622071,413.1269902,185.4141374,414.2929953,225.7672032,483.6345797,211.7725797,481.6969359,198.8789265,487.5567598,169.0548643,473.2128329,297.9935306,518.8154778,178.0602766,578.937172,271.9471021,634.674709,190.344331,636.6268468
lunge,277.8452898,257.4500379,282.5797118,252.4155871,247.0617072,259.7529109,259.6690667,262.4381928,218.9870396,316.9966799,237.2872315,307.6955378,184.7781569,380.6515805,210.1883914,382.1787863,227.7359338,458.1573751,237.0511187,454.0759733,186.983726,462.2298247,207.8111272,458.1996211,213.0903887,541.6387331,209.6321112,536.6421588,271.8092166,643.5555231,279.9774552,642.772545
lunge,279.0437404,282.778934,286.9571257,282.1285766,246.5204109,291.9256077,270.9221395,293.6376343,221.7598813,344.4107183,249.698798,343.1640579,199.0819126,419.5675574,238.3502726,417.2659846,232.3514883,474.4537383,243.8125418,478.3942066,209.2704075,481.2839402,229.1024082,478.8771575,256.1090188,546.8988437,201.5495921,549.7355461,272.993836,629.861783,265.8974111,628.6647861
lunge,286.6684842,301.0735177,296.0233058,299.3173055,262.5133058,302.9469613,271.5029658,301.0587678,253.1489005,348.5959872,220.1495461,347.0008936,208.2227344,408.8373001,189.8700137,404.9609468,229.1884052,466.6546506,219.7831679,462.7086831,214.3030974,479.0495943,204.8483835,472.9576947,206.1466409,559.4890736,197.4762945,562.9051124,250.2644911,628.2336729,191.2212055,626.5502294
lunge,286.7572986,294.528849,300.656128,294.4106371,260.0041966,300.062258,281.5098191,299.0362272,226.8150257,350.8329122,263.0620087,347.9745327,200.2090726,410.3162919,242.2216727,423.6642206,226.3624157,479.0153201,240.229271,478.1791828,202.25443,476.7582099,224.6902454,476.2261071,215.0569422,543.4376176,193.7184685,547.096432,189.3632101,618.9316781,179.9427328,618.030275
lunge,280.3352316,287.3703351,290.3561082,281.0556106,265.3393807,286.1399379,267.3296052,283.5121207,244.7222441,331.1562551,211.3980692,331.2642785,212.737735,407.9922107,197.8315522,399.0800638,233.0784817,464.6586895,212.1982316,464.1770601,198.5354936,475.8033492,187.7002179,467.4623539,311.6834187,516.3477774,194.3289636,566.5579587,290.1576471,628.3078484,271.4057844,627.5092252
lunge,252.4184279,293.0738363,255.1774384,287.0941805,230.8128705,292.6199588,226.8464447,290.3923271,217.2278479,347.6920902,187.9467895,345.6002977,183.567113,418.5040338,182.0839696,415.423959,219.3535459,481.1053221,213.8760368,475.9514445,190.5399746,485.1913705,188.9088712,480.1143115,310.6281256,517.6757751,180.8214855,573.9586727,199.1828721,630.3816938,276.5678646,629.9712559
lunge,252.4184279,293.0738363,255.1774384,287.0941805,230.8128705,292.6199588,226.8464447,290.3923271,217.2278479,347.6920902,187.9467895,345.6002977,183.567113,418.5040338,182.0839696,415.423959,219.3535459,481.1053221,213.8760368,475.9514445,190.5399746,485.1913705,188.9088712,480.1143115,310.6281256,517.6757751,180.8214855,573.9586727,199.1828721,630.3816938,276.5678646,629.9712559
lunge,256.1085278,235.5355179,263.5466354,236.4173968,225.0962177,243.7271178,242.0568078,243.1608047,207.228081,303.0846123,227.6211218,300.1667005,193.5258558,373.5418562,216.4128297,369.1543312,214.3722962,437.4803929,234.3816911,432.7279157,189.2974263,439.7059997,209.7319608,436.5027253,208.9916484,539.5702164,213.807649,535.4773047,268.2044946,651.2946736,266.697424,635.592354
lunge,263.3685796,275.0659368,274.6104679,266.6686064,236.2753531,279.4105551,233.7101293,275.7583696,211.1153401,330.9807064,199.6388331,333.9363027,171.4479661,402.3801926,196.5005097,401.963616,202.174687,461.9057117,213.5650048,457.290033,174.5144013,460.3118331,189.8441015,457.1943722,221.9634438,531.4404082,175.7377396,547.9610032,196.0600447,625.5946014,262.6379576,628.0230399
lunge,271.7266775,254.7143251,278.179139,252.9318104,242.4347548,261.6903202,236.7964149,263.3878953,229.7498934,315.2267197,225.953754,315.8525224,202.0966088,386.4462238,210.5554313,386.3848371,237.4387561,449.1830742,232.5317212,447.3618945,200.9026832,456.4905146,201.9176566,452.4066829,293.7873848,531.6487817,202.5788663,547.9630494,276.921244,644.1263336,292.0449698,641.0665505
lunge,268.5302116,298.0643572,275.1160976,296.8358997,238.0632319,303.3285816,224.61364,302.4109152,225.0615756,355.1640382,206.2936191,351.8734371,192.8071867,416.9710303,183.2130933,418.3792143,223.7320698,489.6039618,204.4207252,484.6732076,189.4213951,492.0507737,176.3376906,482.8455055,202.245508,575.9113647,177.2059846,581.8492009,197.3179184,639.3452946,189.9399383,640.1306174
lunge,276.4556993,293.5333409,285.8463797,291.8564198,251.6857355,299.8355537,265.4250148,300.4405745,225.8683334,353.1855126,244.846469,346.0743816,207.298902,418.7512855,216.5961362,421.3631167,230.5306536,487.2763849,231.6529898,486.3506402,203.530788,491.9779196,211.1335256,488.538733,282.0060785,543.7551655,195.4043846,548.4081025,271.151913,636.6361827,180.3563036,622.444273
lunge,262.6400067,243.6105685,269.5492404,241.6597095,236.9206612,252.4681281,235.1366031,247.9061414,225.4126498,302.7329606,213.0721178,300.4174266,201.7524502,364.7509479,194.1773324,362.2710981,222.2242094,437.2108032,210.1473673,432.5823782,189.6394932,439.6216783,178.9980682,428.8024104,285.2305484,513.4794012,193.0518373,525.5221816,185.4435501,609.4791583,175.2930057,613.0902275
lunge,267.3918244,297.751733,272.7655353,296.3376234,240.4343916,305.0726443,213.2960642,306.5380159,235.3237729,362.9026558,190.084227,361.0533832,210.2946016,429.1249887,184.4907746,421.3569354,226.2402825,487.0551372,200.1356902,482.8455482,197.8313388,493.2171199,175.573942,485.060796,212.5324436,566.8753362,181.2906375,574.7443791,274.5405433,631.7134855,190.8270581,635.7302608
lunge,276.1312203,266.2743891,285.874469,269.4462881,253.4053759,278.9355547,277.5180787,277.5776736,229.1940401,336.0361948,247.6097057,329.1455015,204.5970308,405.0590801,210.9735272,404.9953915,225.9658137,478.5845052,236.7081554,467.4761233,200.8971764,471.7419834,208.2754553,469.2427797,221.0629837,535.4030012,214.5600851,531.8181918,226.9000835,603.0577318,183.6971437,597.9596137
lunge,288.1012546,266.2615789,294.9971693,262.1181297,262.7500802,271.3631925,273.3638214,268.4884433,236.7616234,328.9581231,244.9495629,325.7548487,217.1032601,399.867049,212.6570955,400.7222843,236.845742,467.2485664,232.8994014,465.4513872,201.4818874,477.8809461,201.5351206,475.1357695,313.791038,521.9679377,317.394522,519.0553546,224.0069655,585.9659852,203.0293204,575.940225
lunge,272.9433563,272.5985561,282.3788387,269.0696554,249.983747,279.6777575,234.3350534,273.9821002,248.3298476,326.5381678,202.4534033,337.9409499,224.2075611,404.0177666,194.8907507,399.7426558,237.9609491,474.6628792,219.4729043,454.9523103,213.291283,475.3621327,191.2209067,466.3809685,264.3776192,534.1473034,200.1967355,551.3213677,211.3292973,617.6018047,248.8699486,632.787155
lunge,307.2115127,285.915962,315.0207582,287.4752679,278.4069915,293.5394583,277.3313998,290.2890782,260.2581961,350.0526624,261.6687042,350.2069389,217.8946071,423.1495959,222.9661867,420.0467568,254.3406275,484.2527091,259.3265303,493.7813228,230.6793821,486.4348337,224.9737216,480.4973812,234.6865971,559.9296081,214.1957773,564.3211829,241.5548494,625.716991,226.7785479,624.6958413
lunge,276.8602628,296.7856181,285.9453327,293.1519764,258.1141418,301.394881,256.0830639,300.958908,255.0325306,352.3154848,199.7771028,354.8278185,217.2752326,427.4658016,192.6940609,421.2161298,233.3810612,488.6840147,217.657235,477.007849,218.0472629,502.7416838,191.3054308,495.2176423,224.7125931,572.628714,199.7237415,572.5769617,216.5375243,628.5362152,212.8901346,631.8857518
lunge,300.7626584,289.6610161,305.7805352,286.7788493,268.3251337,293.0119808,290.2825977,291.1107,252.4851294,351.4523204,267.4873197,351.6397415,215.0247333,414.7858789,253.3552804,426.4432024,247.2184185,494.6114066,266.636891,489.0398867,212.7358993,491.3334025,230.2978706,489.1048969,332.0074527,528.1280446,333.8555656,533.9341979,209.7574034,601.5886727,261.5650127,623.0278724
lunge,270.1659041,261.3555285,279.598249,260.8522433,242.5978694,272.2543433,237.6675477,269.4421317,236.600878,326.7691564,216.2304837,325.076782,207.4784092,391.9942547,205.5795178,389.232069,218.4734057,452.0018721,214.9292808,446.6175389,204.8932923,458.5558767,194.8644543,452.8565959,309.0073316,520.0740745,190.8749124,544.1022985,294.5497247,632.4647472,188.6931211,617.8131197
lunge,273.6896878,300.9977222,273.0846355,298.1968074,253.6994603,305.5445115,216.9555348,299.4895718,253.7297055,359.1094728,196.9343151,352.7376672,213.2333541,432.7302604,184.8072707,431.2748427,235.1909889,480.9229526,203.6157817,479.5848091,208.040239,499.6205567,175.8381014,496.4741928,316.3631561,519.0580829,187.8238025,582.3809201,259.3795073,638.985927,191.1093176,646.9941982
lunge,292.7582814,242.6392953,302.4859273,241.8590669,263.4066582,248.5220327,277.3733204,245.0958055,252.1467338,306.3632345,232.5586579,305.5734144,216.8561549,387.709936,222.1878171,385.6207866,239.1491543,442.0731369,231.9083766,439.9927265,206.3712277,453.00597,206.6896875,448.0902215,272.775738,527.0082926,214.2604938,534.8613068,206.6855467,586.0760549,229.7798397,595.0959695
lunge,274.4322414,273.049684,285.069867,272.807697,256.2258585,278.5675758,259.8564073,278.774031,241.4657148,329.1634273,212.8096232,332.9682694,218.8873395,411.4205268,196.1584001,404.6974105,222.141713,471.8760961,211.8544145,466.5608228,209.0851373,484.3922358,193.9495866,474.9603486,324.1894132,509.3604854,200.6217043,573.442087,208.7446926,618.0300618,244.7680707,633.0325737
lunge,284.3139945,277.8895945,296.5065665,278.0260305,260.2282924,286.4150695,284.5860301,285.9278556,240.3649366,336.0163081,254.9008991,338.6279687,214.3570563,410.2821456,223.8866039,413.2112263,232.8220063,478.2087252,236.3450642,471.2898111,204.1419662,484.4276184,211.0350421,482.3453749,212.0572725,561.7983198,204.9973254,563.7412496,273.2229905,630.998118,302.6763202,623.7033386
lunge,282.9940084,269.9852756,288.6856882,265.8750135,264.9286059,275.6595115,271.7030278,272.7457988,257.6346591,333.3024643,216.9630481,330.217956,213.4201611,402.0817427,211.6039155,400.9528253,245.8818263,478.6661835,223.6008225,462.1390236,223.3849657,478.1183504,200.5289839,470.7803019,327.1416127,521.7958419,208.4785268,565.9603342,226.6468311,626.91467,243.6068236,630.9547637
lunge,280.8464749,255.3246532,292.4087013,253.4816046,258.0119657,258.3819851,271.4332547,257.9882367,236.4272405,315.8624765,250.6551593,309.7125153,207.5505536,393.7089457,214.543351,390.6612267,241.5830241,473.1189625,242.4436341,458.6126168,205.1325214,470.3262966,213.5878434,467.407788,324.560658,524.7244537,314.6433663,523.4306023,273.1011774,631.4357536,303.1466461,644.3376486
lunge,283.1026092,269.8365408,290.0208716,265.7356147,265.1761807,275.1645817,272.0291503,271.3601232,260.4130504,328.9007862,210.0681365,329.0573008,218.2722126,396.896916,206.7841583,399.0090428,237.9619309,458.5025897,221.364496,453.8552798,216.1750094,473.5172936,194.2116116,467.2492058,327.3294016,514.4819218,209.1274421,542.768631,211.2263741,612.0724029,206.7175634,619.2977386
lunge,297.8844175,261.662952,301.9863808,260.6672308,269.6678731,268.3701461,276.9568253,265.8005183,256.1800319,320.851548,255.5666552,324.2610005,224.4668967,401.6072325,240.605361,398.2306687,254.1789217,473.9692528,256.1837885,466.8669035,211.1282748,476.5753715,224.9103498,476.6354793,266.59544,541.3020445,331.3144397,520.9704473,224.2392576,591.8738528,223.3603128,589.7491503
lunge,275.8347026,244.9072973,287.4878139,242.2126795,251.4515864,248.6139848,271.9251172,250.0000867,247.3593348,300.3507539,253.7448387,296.2572666,219.2233018,372.6491495,217.5774493,379.6417276,237.173444,438.6755993,227.3726078,437.7843846,208.2962021,452.5892656,204.2345586,447.4600705,315.8518488,516.1739338,213.3766183,532.855754,263.2105663,609.6021447,199.9873033,606.1936514
